lo_id,chapter,bloom,competency,linked_to_chapter_content,linked_to_workshop_exercises,linked_to_case_study,linked_to_review_questions,workshop_link_count,review_link_count,traceability_classification
LO-C1-01,1,apply,technical_skills,True,True,False,False,13,0,B Partially traceable
LO-C1-02,1,remember,technical_skills,True,True,False,False,1,0,B Partially traceable
LO-C1-03,1,remember,technical_skills,True,True,False,False,2,0,B Partially traceable
LO-C1-04,1,remember,technical_skills,True,True,False,False,7,0,B Partially traceable
LO-C1-05,1,understand,statistical_reasoning,True,True,False,False,2,0,B Partially traceable
LO-C1-06,1,understand,statistical_reasoning,True,False,False,False,0,0,C Metadata incomplete
LO-C1-07,1,understand,statistical_reasoning,True,False,False,False,0,0,C Metadata incomplete
LO-C1-08,1,apply,technical_skills,True,True,False,False,7,0,B Partially traceable
LO-C1-09,1,apply,technical_skills,True,True,False,False,7,0,B Partially traceable
LO-C1-10,1,analyze,statistical_reasoning,True,True,False,False,2,0,B Partially traceable
LO-C1-11,1,analyze,statistical_reasoning,True,True,False,False,2,0,B Partially traceable
LO-C1-12,1,analyze,statistical_reasoning,True,True,False,False,2,0,B Partially traceable
LO-C1-13,1,evaluate,professional_judgment,True,False,False,False,0,0,C Metadata incomplete
LO-C1-14,1,evaluate,professional_judgment,True,False,False,False,0,0,C Metadata incomplete
LO-C1-15,1,create,professional_judgment,True,False,False,False,0,0,C Metadata incomplete
LO-C1-16,1,create,professional_judgment,True,True,False,False,7,0,B Partially traceable
LO-C2-01,2,remember,technical_skills,True,True,False,False,8,0,B Partially traceable
LO-C2-02,2,remember,technical_skills,True,True,False,False,4,0,B Partially traceable
LO-C2-03,2,remember,technical_skills,True,True,False,False,2,0,B Partially traceable
LO-C2-04,2,understand,statistical_reasoning,True,True,False,False,2,0,B Partially traceable
LO-C2-05,2,understand,statistical_reasoning,True,True,False,False,2,0,B Partially traceable
LO-C2-06,2,understand,statistical_reasoning,True,False,False,False,0,0,C Metadata incomplete
LO-C2-07,2,apply,technical_skills,True,True,False,False,2,0,B Partially traceable
LO-C2-08,2,apply,technical_skills,True,True,False,False,8,0,B Partially traceable
LO-C2-09,2,analyze,statistical_reasoning,True,True,False,False,2,0,B Partially traceable
LO-C2-10,2,analyze,statistical_reasoning,True,True,False,False,2,0,B Partially traceable
LO-C2-11,2,evaluate,professional_judgment,True,True,False,False,2,0,B Partially traceable
LO-C2-12,2,evaluate,professional_judgment,True,False,False,False,0,0,C Metadata incomplete
LO-C2-13,2,create,professional_judgment,True,True,False,False,2,0,B Partially traceable
LO-C2-14,2,create,professional_judgment,True,False,False,False,0,0,C Metadata incomplete
LO-C3-01,3,apply,technical_skills,True,True,False,False,38,0,B Partially traceable
LO-C3-02,3,remember,technical_skills,True,True,False,False,1,0,B Partially traceable
LO-C3-03,3,remember,technical_skills,True,True,False,False,4,0,B Partially traceable
LO-C3-04,3,remember,technical_skills,True,True,False,False,1,0,B Partially traceable
LO-C3-05,3,understand,statistical_reasoning,True,True,False,False,1,0,B Partially traceable
LO-C3-06,3,understand,statistical_reasoning,True,True,False,False,1,0,B Partially traceable
LO-C3-07,3,understand,statistical_reasoning,True,True,False,False,4,0,B Partially traceable
LO-C3-08,3,apply,technical_skills,True,True,False,False,1,0,B Partially traceable
LO-C3-09,3,apply,technical_skills,True,False,False,False,0,0,C Metadata incomplete
LO-C3-10,3,apply,technical_skills,True,True,False,False,1,0,B Partially traceable
LO-C3-11,3,analyze,statistical_reasoning,True,True,False,False,1,0,B Partially traceable
LO-C3-12,3,analyze,statistical_reasoning,True,True,False,False,1,0,B Partially traceable
LO-C3-13,3,evaluate,professional_judgment,True,True,False,False,1,0,B Partially traceable
LO-C3-14,3,evaluate,professional_judgment,True,True,False,False,4,0,B Partially traceable
LO-C3-15,3,create,professional_judgment,True,True,False,False,1,0,B Partially traceable
LO-C3-16,3,create,professional_judgment,True,True,False,False,1,0,B Partially traceable
LO-C4-01,4,apply,technical_skills,True,True,False,False,25,0,B Partially traceable
LO-C4-02,4,remember,technical_skills,True,True,False,False,1,0,B Partially traceable
LO-C4-03,4,remember,technical_skills,True,True,False,False,1,0,B Partially traceable
LO-C4-04,4,remember,technical_skills,True,True,False,False,1,0,B Partially traceable
LO-C4-05,4,understand,statistical_reasoning,True,True,False,False,1,0,B Partially traceable
LO-C4-06,4,understand,statistical_reasoning,True,True,False,False,1,0,B Partially traceable
LO-C4-07,4,understand,statistical_reasoning,True,True,False,False,1,0,B Partially traceable
LO-C4-08,4,apply,technical_skills,True,True,False,False,1,0,B Partially traceable
LO-C4-09,4,apply,technical_skills,True,True,False,False,1,0,B Partially traceable
LO-C4-10,4,apply,technical_skills,True,True,False,False,1,0,B Partially traceable
LO-C4-11,4,analyze,statistical_reasoning,True,True,False,False,1,0,B Partially traceable
LO-C4-12,4,analyze,statistical_reasoning,True,True,False,False,1,0,B Partially traceable
LO-C4-13,4,evaluate,professional_judgment,True,True,False,False,1,0,B Partially traceable
LO-C4-14,4,evaluate,professional_judgment,True,True,False,False,1,0,B Partially traceable
LO-C4-15,4,create,professional_judgment,True,True,False,False,1,0,B Partially traceable
LO-C4-16,4,create,professional_judgment,True,True,False,False,1,0,B Partially traceable
LO-C5-01,5,apply,technical_skills,True,True,False,False,79,0,B Partially traceable
LO-C5-02,5,remember,technical_skills,True,True,False,False,1,0,B Partially traceable
LO-C5-03,5,remember,technical_skills,True,True,False,False,2,0,B Partially traceable
LO-C5-04,5,remember,technical_skills,True,True,False,False,3,0,B Partially traceable
LO-C5-05,5,remember,technical_skills,True,True,False,False,2,0,B Partially traceable
LO-C5-06,5,understand,statistical_reasoning,True,True,False,False,1,0,B Partially traceable
LO-C5-07,5,understand,statistical_reasoning,True,True,False,False,1,0,B Partially traceable
LO-C5-08,5,understand,statistical_reasoning,True,True,False,False,1,0,B Partially traceable
LO-C5-09,5,understand,statistical_reasoning,True,True,False,False,1,0,B Partially traceable
LO-C5-10,5,apply,technical_skills,True,True,False,False,1,0,B Partially traceable
LO-C5-11,5,apply,technical_skills,True,True,False,False,2,0,B Partially traceable
LO-C5-12,5,apply,technical_skills,True,True,False,False,1,0,B Partially traceable
LO-C5-13,5,analyze,statistical_reasoning,True,True,False,False,1,0,B Partially traceable
LO-C5-14,5,analyze,statistical_reasoning,True,True,False,False,1,0,B Partially traceable
LO-C5-15,5,evaluate,professional_judgment,True,True,False,False,1,0,B Partially traceable
LO-C5-16,5,evaluate,professional_judgment,True,True,False,False,1,0,B Partially traceable
LO-C5-17,5,create,professional_judgment,True,True,False,False,1,0,B Partially traceable
LO-C5-18,5,create,professional_judgment,True,True,False,False,1,0,B Partially traceable
LO-C6-01,6,understand,technical_skills,True,True,False,True,19,1,A Fully traceable
LO-C6-02,6,analyze,professional_judgment,True,True,False,True,7,1,A Fully traceable
LO-C6-03,6,remember,technical_skills,True,True,False,False,1,0,B Partially traceable
LO-C6-04,6,remember,technical_skills,True,True,False,True,1,1,A Fully traceable
LO-C6-05,6,remember,technical_skills,True,True,False,True,1,2,A Fully traceable
LO-C6-06,6,remember,technical_skills,True,True,False,True,1,1,A Fully traceable
LO-C6-07,6,understand,statistical_reasoning,True,True,False,False,1,0,B Partially traceable
LO-C6-08,6,understand,statistical_reasoning,True,True,False,False,1,0,B Partially traceable
LO-C6-09,6,understand,statistical_reasoning,True,True,False,False,1,0,B Partially traceable
LO-C6-10,6,understand,statistical_reasoning,True,True,False,True,1,1,A Fully traceable
LO-C6-11,6,apply,technical_skills,True,True,False,False,1,0,B Partially traceable
LO-C6-12,6,apply,technical_skills,True,True,False,False,1,0,B Partially traceable
LO-C6-13,6,apply,technical_skills,True,True,False,True,5,2,A Fully traceable
LO-C6-14,6,apply,technical_skills,True,True,False,True,1,1,A Fully traceable
LO-C6-15,6,analyze,statistical_reasoning,True,True,False,True,1,1,A Fully traceable
LO-C6-16,6,analyze,statistical_reasoning,True,True,False,True,1,2,A Fully traceable
LO-C6-17,6,analyze,statistical_reasoning,True,True,False,True,1,1,A Fully traceable
LO-C6-18,6,evaluate,professional_judgment,True,True,False,True,1,1,A Fully traceable
LO-C6-19,6,evaluate,professional_judgment,True,True,False,True,1,1,A Fully traceable
LO-C6-20,6,evaluate,professional_judgment,True,True,False,True,1,1,A Fully traceable
LO-C6-21,6,create,professional_judgment,True,True,False,True,1,1,A Fully traceable
LO-C6-22,6,create,professional_judgment,True,True,False,True,1,1,A Fully traceable
LO-C6-23,6,create,professional_judgment,True,True,False,True,7,1,A Fully traceable
